{
  "WGAN-GP": {
    "tstr_mean": 0.1097243670737985,
    "tstr_std": 6.6180615020549755e-06,
    "wasserstein": 0.50013204265558,
    "tvd": 0.8885,
    "dcr": 2.6152983536030368,
    "label_accuracy": 0.5445,
    "dt_separation": 0.03177257525083621,
    "train_time": 0.27207398414611816,
    "gen_latency": 0.0014431476593017578,
    "vram_mb": 0.0
  },
  "CTGAN": {
    "tstr_mean": 0.44814918807618515,
    "tstr_std": 0.06894700570213841,
    "wasserstein": 0.19322225643549443,
    "tvd": 0.37099999999999994,
    "dcr": 3.7430824791043995,
    "label_accuracy": 0.092,
    "dt_separation": 0.030000000000000006,
    "train_time": 133.2452039718628,
    "gen_latency": 0.04595685005187988,
    "vram_mb": 0.0
  },
  "trtr_baseline": 0.703418503439562
}