{
  "timestamp": "2026-03-08T23:07:23.522583",
  "config": {
    "num_clients": 20,
    "num_rounds": 20,
    "num_malicious": 2,
    "attack": "BACKDOOR",
    "local_epochs": 3,
    "batch_size": 512
  },
  "results": [
    {
      "defense": "FedAvg",
      "total_time_s": 153.0411150809814,
      "per_round_s": 7.65205575404907,
      "train_per_round_s": 7.651202841651684,
      "agg_per_round_s": 0.000593337400641758,
      "dt_verify_per_round_s": 0.0,
      "dt_pw_per_round_s": 0.0,
      "peak_mem_mb": 673.09375,
      "mem_overhead_mb": 0.0,
      "accuracy": 0.7033974448968131,
      "round_times": [
        7.906661582994275,
        7.707425832995796,
        7.690728665998904,
        7.692264957993757,
        7.756742124998709,
        7.712708624996594,
        7.502937500001281,
        7.838319624992437,
        7.48696700000437,
        7.5286591250041965,
        7.474837208006647,
        7.416479375009658,
        7.544095250006649,
        7.9211495839990675,
        7.571928499994101,
        7.536639166995883,
        7.769768958009081,
        7.590872707995004,
        7.7766793749906356,
        7.6152499159943545
      ],
      "agg_times": [
        0.0005450830067275092,
        0.00047700000868644565,
        0.0005339170020306483,
        0.0007802500040270388,
        0.0010239580005872995,
        0.00047170800098683685,
        0.00047308400098700076,
        0.0005358750058803707,
        0.0006617080071009696,
        0.0006663329986622557,
        0.00047887499385979027,
        0.0007779580046189949,
        0.00047629099572077394,
        0.0005201249878155068,
        0.0005634170083794743,
        0.0004919999919366091,
        0.00048470799811184406,
        0.0005982919974485412,
        0.0008207909995689988,
        0.0004853749996982515
      ]
    },
    {
      "defense": "Krum",
      "total_time_s": 155.77693012499367,
      "per_round_s": 7.788846506249683,
      "train_per_round_s": 7.7721388897,
      "agg_per_round_s": 0.016455072948883754,
      "dt_verify_per_round_s": 0.0,
      "dt_pw_per_round_s": 0.0,
      "peak_mem_mb": 479.5,
      "mem_overhead_mb": 16.3125,
      "accuracy": 0.7102133932331882,
      "round_times": [
        7.717468749993714,
        7.572494082996855,
        7.7493195830029435,
        7.738908041996183,
        7.789304833000642,
        7.680702750003547,
        7.629785541008459,
        7.550565708006616,
        8.007347916005529,
        7.80363233400567,
        8.092221416998655,
        7.775255999993533,
        7.7553887499962,
        7.797363874997245,
        7.686561499998788,
        8.565588083991315,
        7.622682166998857,
        7.736309125000844,
        7.650307832998806,
        7.855721833999269
      ],
      "agg_times": [
        0.017664750004769303,
        0.017482291004853323,
        0.016499082994414493,
        0.016284583005472086,
        0.01600112499727402,
        0.015940416997182183,
        0.01588608398742508,
        0.015837458995520137,
        0.016549791005672887,
        0.01656162500148639,
        0.017813667000154965,
        0.01693691599939484,
        0.016068457989604212,
        0.016471916998852976,
        0.015660292003303766,
        0.016916749998927116,
        0.01625770900864154,
        0.015712416992755607,
        0.016424999994342215,
        0.01613112499762792
      ]
    },
    {
      "defense": "Median",
      "total_time_s": 159.24157558397565,
      "per_round_s": 7.962078779198782,
      "train_per_round_s": 7.925237006250245,
      "agg_per_round_s": 0.03655949370076996,
      "dt_verify_per_round_s": 0.0,
      "dt_pw_per_round_s": 0.0,
      "peak_mem_mb": 510.28125,
      "mem_overhead_mb": 37.703125,
      "accuracy": 0.7218096307735504,
      "round_times": [
        7.995241958997212,
        8.013537083999836,
        7.959478167002089,
        8.988880165998125,
        8.326827083001263,
        7.8616467919928255,
        8.102326250009355,
        7.807688540997333,
        7.614217624999583,
        7.658630667006946,
        7.6684575840045,
        7.806835665993276,
        7.9201752499939175,
        7.7819013749976875,
        8.636635249989922,
        8.06542037500185,
        7.765923166007269,
        7.904014874991844,
        7.603168208996067,
        7.7605694999947445
      ],
      "agg_times": [
        0.035893207998014987,
        0.03475262499705423,
        0.035371165999094956,
        0.03843816599692218,
        0.03665966700646095,
        0.03803025001252536,
        0.035236458003055304,
        0.03540704199986067,
        0.03506766600185074,
        0.03594254198833369,
        0.035259209005744196,
        0.043966750003164634,
        0.03616729199711699,
        0.03521370798989665,
        0.03501700000197161,
        0.03637850000814069,
        0.038283582995063625,
        0.03521079200436361,
        0.03582850001112092,
        0.03906574999564327
      ]
    },
    {
      "defense": "Trimmed Mean",
      "total_time_s": 158.4286746250291,
      "per_round_s": 7.9214337312514544,
      "train_per_round_s": 7.902181783400738,
      "agg_per_round_s": 0.018943960548494943,
      "dt_verify_per_round_s": 0.0,
      "dt_pw_per_round_s": 0.0,
      "peak_mem_mb": 501.59375,
      "mem_overhead_mb": 0.0,
      "accuracy": 0.7158290046328794,
      "round_times": [
        8.31954766700801,
        8.238411541999085,
        7.968725084007019,
        7.864943958004005,
        7.690390790987294,
        7.754090540998732,
        7.743094083009055,
        7.635445666994201,
        8.652897708001547,
        8.388881834005588,
        7.698764874992776,
        7.891542125013075,
        7.708701458002906,
        7.764007624995429,
        7.555284041998675,
        7.840344333002577,
        8.11611154199636,
        7.873549249998177,
        7.828058750004857,
        7.895881750009721
      ],
      "agg_times": [
        0.019182999996701255,
        0.018266917002620175,
        0.01882708400080446,
        0.01909850000811275,
        0.018561582997790538,
        0.01852866700210143,
        0.01787641699775122,
        0.022150584001792595,
        0.02041516600002069,
        0.01907741698960308,
        0.018449249997502193,
        0.01869845799228642,
        0.019099541998002678,
        0.018884040997363627,
        0.01842904200020712,
        0.019182874995749444,
        0.01897054200526327,
        0.018563708988949656,
        0.017941625003004447,
        0.0186747919942718
      ]
    },
    {
      "defense": "GeoMed",
      "total_time_s": 157.08941854197474,
      "per_round_s": 7.8544709270987365,
      "train_per_round_s": 7.705131349901057,
      "agg_per_round_s": 0.14902178124757484,
      "dt_verify_per_round_s": 0.0,
      "dt_pw_per_round_s": 0.0,
      "peak_mem_mb": 507.609375,
      "mem_overhead_mb": 29.25,
      "accuracy": 0.7036922644952969,
      "round_times": [
        7.595945624998421,
        7.576344083005097,
        8.443229958997108,
        7.843535334002809,
        7.794481874996563,
        7.654382541993982,
        8.212740457995096,
        7.752380332996836,
        7.54499266599305,
        7.722861332993489,
        7.662743541994132,
        8.008991041002446,
        7.66483262499969,
        7.67843383399304,
        7.614297624997562,
        7.505139875007444,
        7.580841167000472,
        7.7215646669938,
        9.10447987500811,
        8.407200083005591
      ],